shape,kernel,p50_ms,gflops,speedup_vs_naive,max_abs_error,max_scaled_error,valid
128x128x128,naive,0.00819199998,512.000001,1.0,1.78813934e-06,0.00637448493,True
128x128x128,tiled16,0.00819199998,512.000001,1.0,1.78813934e-06,0.00637448493,True
128x128x128,tiled32,0.0112640001,372.363633,0.7272727190405476,1.78813934e-06,0.00637448493,True
128x128x128,cublas_fp32,0.0102399997,409.60001,0.8000000214843755,0,0,True
256x256x256,naive,0.0245760009,1365.33329,1.0,3.09944153e-06,0.0146144872,True
256x256x256,tiled16,0.0215039998,1560.38096,1.1428571953390736,3.09944153e-06,0.0146144872,True
256x256x256,tiled32,0.0204799995,1638.40004,1.2000000732421894,3.09944153e-06,0.0146144872,True
256x256x256,cublas_fp32,0.0133119998,2520.61541,1.846153941498707,0,0,True
512x512x512,naive,0.165887997,1618.17287,1.0,8.10623169e-06,0.0498393618,True
512x512x512,tiled16,0.130048007,2064.12588,1.2755904594524083,8.10623169e-06,0.0498393618,True
512x512x512,tiled32,0.130048007,2064.12588,1.2755904594524083,8.10623169e-06,0.0498393618,True
512x512x512,cublas_fp32,0.0286720004,9362.28559,5.785714100366712,0,0,True
1024x1024x1024,naive,1.267712,1693.98385,1.0,1.90734863e-05,0.0899449945,True
1024x1024x1024,tiled16,0.978944004,2193.67363,1.2949790742065772,1.90734863e-05,0.0899449945,True
1024x1024x1024,tiled32,1.05062401,2044.00777,1.206627668827024,1.90734863e-05,0.0899449945,True
1024x1024x1024,cublas_fp32,0.152575999,14074.8457,8.308724886671069,0,0,True
127x255x63,naive,0.0071680001,569.26757,1.0,0,0,True
127x255x63,tiled16,0.00614400022,664.145484,1.1666666411675357,0,0,True
127x255x63,tiled32,0.00819199998,498.109132,0.8750000143432618,0,0,True
127x255x63,cublas_fp32,0.0112640001,362.261183,0.6363636395919422,0,0,True
